{"cameraMode":{"drawMode":0,"name":"Shaded","section":"Shading Mode"},"sceneLighting":true,"audioPlay":false,"sceneViewState":{"m_AlwaysRefresh":false,"showFog":true,"showSkybox":true,"showFlares":true,"showImageEffects":true,"showParticleSystems":true,"showVisualEffectGraphs":true,"m_FxEnabled":true},"in2DMode":false,"pivot":{"x":0.014754295349121094,"y":0.00032806396484375,"z":-0.04823422431945801},"rotation":{"x":-0.24882765114307404,"y":0.73501056432724,"z":-0.34739813208580019,"w":-0.5264594554901123},"size":5.768107891082764,"orthographic":false}